-- Export de la structure de table cb_budgetp. document_space
DROP TABLE IF EXISTS document_space;
CREATE TABLE IF NOT EXISTS `document_space` (
  `id_space` int(11) NOT NULL DEFAULT '0',
  `id_parent` int(11) DEFAULT NULL,
  `document_space_name` varchar(100) COLLATE utf8_unicode_ci DEFAULT NULL,
  `description` varchar(255) COLLATE utf8_unicode_ci DEFAULT NULL,
  `document_space_view` varchar(20) COLLATE utf8_unicode_ci DEFAULT NULL,
  `id_space_icon` int(11) DEFAULT NULL,
  `space_order` int(11) DEFAULT NULL,
  `document_creation_allowed` int(11) DEFAULT NULL,
  `workgroup_key` varchar(50) COLLATE utf8_unicode_ci DEFAULT NULL,
  PRIMARY KEY (`id_space`)
) ENGINE=MyISAM DEFAULT CHARSET=utf8 COLLATE=utf8_unicode_ci;

-- Export de données de la table cb_budgetp.document_space: 7 rows
/*!40000 ALTER TABLE `document_space` DISABLE KEYS */;
INSERT INTO `document_space` (`id_space`, `id_parent`, `document_space_name`, `description`, `document_space_view`, `id_space_icon`, `space_order`, `document_creation_allowed`, `workgroup_key`) VALUES
	(0, -1, 'Racine des contenus', 'Racine des contenus', 'detail', 1, 0, NULL, NULL),
	(2, 0, '2 Actualités', 'Actualités', 'detail', 10, 2, 1, 'all'),
	(3, 0, '3 Images', 'Images', 'thumbnail', 2, 3, 1, 'all'),
	(1, 0, '1 Projets', 'Projets', 'detail', 12, 1, 1, 'all'),
	(4, 0, '4 Rubriques', 'Rubriques', 'detail', 1, 4, 1, 'all'),
	(5, 0, '5 Archives', 'Archives', 'detail', 9, 5, 0, 'all'),
	(6, 3, 'Murs végétalisés', 'Murs végétalisés', 'detail', 2, NULL, 1, 'all');
/*!40000 ALTER TABLE `document_space` ENABLE KEYS */;


-- Export de la structure de table cb_budgetp. document_space_action
DROP TABLE IF EXISTS document_space_action;
CREATE TABLE IF NOT EXISTS `document_space_action` (
  `id_action` int(11) NOT NULL DEFAULT '0',
  `name_key` varchar(100) COLLATE utf8_unicode_ci DEFAULT NULL,
  `description_key` varchar(100) COLLATE utf8_unicode_ci DEFAULT NULL,
  `action_url` varchar(255) COLLATE utf8_unicode_ci DEFAULT NULL,
  `icon_url` varchar(255) COLLATE utf8_unicode_ci DEFAULT NULL,
  `action_permission` varchar(255) COLLATE utf8_unicode_ci DEFAULT NULL,
  PRIMARY KEY (`id_action`)
) ENGINE=MyISAM DEFAULT CHARSET=utf8 COLLATE=utf8_unicode_ci;

-- Export de données de la table cb_budgetp.document_space_action: 5 rows
/*!40000 ALTER TABLE `document_space_action` DISABLE KEYS */;
INSERT INTO `document_space_action` (`id_action`, `name_key`, `description_key`, `action_url`, `icon_url`, `action_permission`) VALUES
	(1, 'document.spaces.action.createSpace.name', 'document.spaces.action.createSpace.description', 'jsp/admin/plugins/document/CreateSpace.jsp', 'icon-plus-sign', 'CREATE'),
	(2, 'document.spaces.action.deleteSpace.name', 'document.spaces.action.deleteSpace.description', 'jsp/admin/plugins/document/DeleteSpace.jsp', 'icon-trash', 'DELETE'),
	(3, 'document.spaces.action.modifySpace.name', 'document.spaces.action.modifySpace.description', 'jsp/admin/plugins/document/ModifySpace.jsp', 'icon-pencil', 'MODIFY'),
	(4, 'document.spaces.action.manageUsers.name', 'document.spaces.action.manageUsers.description', 'jsp/admin/plugins/document/ManageSpaceUsers.jsp', 'icon-user', 'USERS'),
	(5, 'document.spaces.action.moveSpace.name', 'document.spaces.action.moveSpace.description', 'jsp/admin/plugins/document/MoveSpace.jsp', 'icon-move', 'MOVE');
/*!40000 ALTER TABLE `document_space_action` ENABLE KEYS */;


-- Export de la structure de table cb_budgetp. document_space_document_type
DROP TABLE IF EXISTS document_space_document_type;
CREATE TABLE IF NOT EXISTS `document_space_document_type` (
  `id_space` int(11) NOT NULL DEFAULT '0',
  `code_document_type` varchar(30) COLLATE utf8_unicode_ci NOT NULL DEFAULT '',
  PRIMARY KEY (`id_space`,`code_document_type`)
) ENGINE=MyISAM DEFAULT CHARSET=utf8 COLLATE=utf8_unicode_ci;

-- Export de données de la table cb_budgetp.document_space_document_type: 16 rows
/*!40000 ALTER TABLE `document_space_document_type` DISABLE KEYS */;
INSERT INTO `document_space_document_type` (`id_space`, `code_document_type`) VALUES
	(1, 'project'),
	(2, 'actualite'),
	(3, 'image'),
	(4, 'info'),
	(5, 'actualite'),
	(5, 'image'),
	(5, 'info'),
	(5, 'project'),
	(6, 'image'),
	(21, 'image'),
	(22, 'project'),
	(23, 'info'),
	(24, 'actualite'),
	(24, 'image'),
	(24, 'info'),
	(24, 'project');
/*!40000 ALTER TABLE `document_space_document_type` ENABLE KEYS */;


-- Export de la structure de table cb_budgetp. document_space_icon
DROP TABLE IF EXISTS document_space_icon;
CREATE TABLE IF NOT EXISTS `document_space_icon` (
  `id_space_icon` int(11) NOT NULL DEFAULT '0',
  `icon_url` varchar(255) COLLATE utf8_unicode_ci DEFAULT NULL,
  PRIMARY KEY (`id_space_icon`)
) ENGINE=MyISAM DEFAULT CHARSET=utf8 COLLATE=utf8_unicode_ci;

-- Export de données de la table cb_budgetp.document_space_icon: 12 rows
/*!40000 ALTER TABLE `document_space_icon` DISABLE KEYS */;
INSERT INTO `document_space_icon` (`id_space_icon`, `icon_url`) VALUES
	(1, 'images/admin/skin/plugins/document/spaces/space.png'),
	(2, 'images/admin/skin/plugins/document/spaces/space_images.png'),
	(3, 'images/admin/skin/plugins/document/spaces/space_download.png'),
	(4, 'images/admin/skin/plugins/document/spaces/space_pdf.png'),
	(5, 'images/admin/skin/plugins/document/spaces/space_users.png'),
	(6, 'images/admin/skin/plugins/document/spaces/space_multimedia.png'),
	(7, 'images/admin/skin/plugins/document/spaces/space_video.png'),
	(8, 'images/admin/skin/plugins/document/spaces/space_sound.png'),
	(9, 'images/admin/skin/plugins/document/spaces/space_archive.png'),
	(10, 'images/admin/skin/plugins/document/spaces/space_working.png'),
	(11, 'images/admin/skin/plugins/document/spaces/space_validation.png'),
	(12, 'images/admin/skin/plugins/document/spaces/space_published.png');
/*!40000 ALTER TABLE `document_space_icon` ENABLE KEYS */;


-- Export de la structure de table cb_budgetp. document_type
DROP TABLE IF EXISTS document_type;
CREATE TABLE IF NOT EXISTS `document_type` (
  `code_document_type` varchar(30) COLLATE utf8_unicode_ci NOT NULL DEFAULT '',
  `document_type_name` varchar(100) COLLATE utf8_unicode_ci DEFAULT NULL,
  `description` varchar(255) COLLATE utf8_unicode_ci DEFAULT NULL,
  `thumbnail_attr_id` int(11) DEFAULT NULL,
  `default_thumbnail_url` varchar(255) COLLATE utf8_unicode_ci DEFAULT NULL,
  `admin_xsl` mediumblob,
  `content_service_xsl` mediumblob,
  `metadata_handler` varchar(100) COLLATE utf8_unicode_ci DEFAULT NULL,
  PRIMARY KEY (`code_document_type`)
) ENGINE=MyISAM DEFAULT CHARSET=utf8 COLLATE=utf8_unicode_ci;

-- Export de données de la table cb_budgetp.document_type: 4 rows
/*!40000 ALTER TABLE `document_type` DISABLE KEYS */;
INSERT INTO `document_type` (`code_document_type`, `document_type_name`, `description`, `thumbnail_attr_id`, `default_thumbnail_url`, `admin_xsl`, `content_service_xsl`, `metadata_handler`) VALUES
	('actualite', 'Actualité', 'Actualité', 0, '', _binary 0x3C3F786D6C2076657273696F6E3D22312E30223F3E0D0A3C78736C3A7374796C6573686565742076657273696F6E3D22312E302220786D6C6E733A78736C3D22687474703A2F2F7777772E77332E6F72672F313939392F58534C2F5472616E73666F726D223E0D0A0D0A202020203C78736C3A6F7574707574206D6574686F643D2268746D6C2220696E64656E743D22796573222F3E0D0A202020200D0A202020203C78736C3A74656D706C617465206D617463683D22636F6E74656E74223E0D0A20202020202020203C78736C3A6170706C792D74656D706C617465732073656C6563743D2261727469636C65222F3E0D0A202020203C2F78736C3A74656D706C6174653E0D0A202020200D0A202020203C78736C3A74656D706C617465206D617463683D2261727469636C65223E0D0A20202020202020203C703E0D0A2020202020202020202020203C7374726F6E673E236931386E7B646F63756D656E742E646F63756D656E745F61646D696E5F64656661756C745F78736C2E6C6162656C5469746C657D203A20203C2F7374726F6E673E0D0A2020202020202020202020203C78736C3A76616C75652D6F662073656C6563743D22646F63756D656E742D7469746C6522202F3E0D0A20202020202020203C2F703E0D0A20202020202020203C703E0D0A2020202020202020202020203C7374726F6E673E236931386E7B646F63756D656E742E646F63756D656E745F61646D696E5F64656661756C745F78736C2E6C6162656C53756D6D6172797D203A20203C2F7374726F6E673E0D0A2020202020202020202020203C78736C3A76616C75652D6F662073656C6563743D22646F63756D656E742D73756D6D61727922202F3E0D0A20202020202020203C2F703E0D0A20202020202020203C703E0D0A2020202020202020202020203C7374726F6E673E46696368696572203A203C2F7374726F6E673E200D0A2020202020202020203C2F703E0D0A2020202020202020203C703E2020200D0A2020202020202020202020203C78736C3A63686F6F73653E0D0A202020202020202020202020202020203C78736C3A7768656E20746573743D2261727469636C652D6174746163686D656E742F66696C652D7265736F75726365213D2727223E0D0A20202020202020202020202020202020202020202020203C78736C3A6170706C792D74656D706C617465732073656C6563743D2261727469636C652D6174746163686D656E742F66696C652D7265736F7572636522202F3E0D0A202020202020202020202020202020203C2F78736C3A7768656E3E0D0A202020202020202020202020202020203C78736C3A6F74686572776973653E2020202020202020202020202020200D0A2020202020202020202020202020203C2F78736C3A6F74686572776973653E20202020202020200D0A2020202020202020202020203C2F78736C3A63686F6F73653E0D0A20202020202020203C2F703E20202020202020200D0A092020202020203C703E0D0A20202020202020202020202020203C78736C3A76616C75652D6F662064697361626C652D6F75747075742D6573636170696E673D22796573222073656C6563743D2261727469636C652D626F647922202F3E200D0A0920202020203C2F703E090D0A20202020202020203C6272202F3E0D0A20202020202020203C6272202F3E0D0A20202020202020203C6272202F3E0D0A20202020202020203C6272202F3E0D0A20202020203C2F78736C3A74656D706C6174653E0D0A0D0A200D0A2020203C78736C3A74656D706C617465206D617463683D2266696C652D7265736F75726365223E0D0A20202020202020203C78736C3A63686F6F73653E0D0A2020202020202020202020203C78736C3A7768656E20746573743D22287265736F757263652D636F6E74656E742D747970653D27696D6167652F6A70656727206F72207265736F757263652D636F6E74656E742D747970653D27696D6167652F6A706727206F7220207265736F757263652D636F6E74656E742D747970653D27696D6167652F706A70656727206F72207265736F757263652D636F6E74656E742D747970653D27696D6167652F67696627206F72207265736F757263652D636F6E74656E742D747970653D27696D6167652F706E67272922203E0D0A202020202020202020202020202020203C696D67207372633D22646F63756D656E743F69643D7B7265736F757263652D646F63756D656E742D69647D26616D703B69645F6174747269627574653D7B7265736F757263652D6174747269627574652D69647D2220616C69676E3D22726967687422202F3E0D0A2020202020202020202020203C2F78736C3A7768656E3E2020202020202020202020202020202020202020202020202020202020202020202020202020202020202020202020202020202020202020202020202020202020202020202020202020200D0A2020202020202020202020203C78736C3A6F74686572776973653E0D0A202020202020202020202020202020203C6120687265663D22646F63756D656E743F69643D7B7265736F757263652D646F63756D656E742D69647D26616D703B69645F6174747269627574653D7B7265736F757263652D6174747269627574652D69647D223E200D0A20202020202020202020202020202020202020203C696D67207372633D22696D616765732F6C6F63616C2F736B696E2F706C7567696E732F646F63756D656E742F66696C6574797065732F66696C652E706E672220626F726465723D223022202F3E0D0A202020202020202020202020202020203C2F613E0D0A2020202020202020202020203C2F78736C3A6F74686572776973653E20202020202020200D0A20202020202020203C2F78736C3A63686F6F73653E0D0A202020203C2F78736C3A74656D706C6174653E0D0A3C2F78736C3A7374796C6573686565743E0D0A, _binary 0x3C3F786D6C2076657273696F6E3D22312E30223F3E0D0A0D0A3C78736C3A7374796C6573686565742076657273696F6E3D22312E302220786D6C6E733A78736C3D22687474703A2F2F7777772E77332E6F72672F313939392F58534C2F5472616E73666F726D223E0D0A0D0A202020203C78736C3A706172616D206E616D653D227075626C69636174696F6E2D64617465222073656C6563743D227075626C69636174696F6E2D6461746522202F3E0D0A202020203C212D2D0D0A20202009486F7720746F20646973706C617920746865207075626C69636174696F6E2064617465203A0D0A202020093C78736C3A76616C75652D6F662073656C6563743D22247075626C69636174696F6E2D6461746522202F3E0D0A202020092D2D3E0D0A202020203C78736C3A6F7574707574206D6574686F643D2268746D6C2220696E64656E743D22796573222F3E0D0A090D0A202020203C78736C3A74656D706C617465206D617463683D22636F6E74656E74223E0D0A20202020202020203C78736C3A6170706C792D74656D706C617465732073656C6563743D2261727469636C65222F3E0D0A202020203C2F78736C3A74656D706C6174653E0D0A202020200D0A202020203C78736C3A74656D706C617465206D617463683D2261727469636C65223E0D0A20202020202020203C703E0D0A2020202020202020202020203C7374726F6E673E0D0A202020202020202020202020202020203C78736C3A76616C75652D6F662073656C6563743D22646F63756D656E742D7469746C6522202F3E0D0A2020202020202020202020203C2F7374726F6E673E0D0A20202020202020203C2F703E0D0A20202020202020203C703E0D0A2020202020202020202020203C78736C3A63686F6F73653E0D0A202020202020202020202020202020203C78736C3A7768656E20746573743D2261727469636C652D6174746163686D656E742F66696C652D7265736F75726365213D2727223E0D0A20202020202020202020202020202020202020203C78736C3A6170706C792D74656D706C617465732073656C6563743D2261727469636C652D6174746163686D656E742F66696C652D7265736F7572636522202F3E0D0A202020202020202020202020202020203C2F78736C3A7768656E3E0D0A202020202020202020202020202020203C78736C3A6F74686572776973653E2020202020202020202020202020200D0A202020202020202020202020202020203C2F78736C3A6F74686572776973653E20202020202020200D0A2020202020202020202020203C2F78736C3A63686F6F73653E0D0A20202020202020203C2F703E202020200D0A20202020202020203C703E0D0A2020202020202020202020203C78736C3A76616C75652D6F662064697361626C652D6F75747075742D6573636170696E673D22796573222073656C6563743D2261727469636C652D626F647922202F3E200D0A20202020202020203C2F703E090D0A202020203C2F78736C3A74656D706C6174653E0D0A0D0A200D0A202020203C78736C3A74656D706C617465206D617463683D2266696C652D7265736F75726365223E0D0A20202020202020203C78736C3A63686F6F73653E0D0A2020202020202020202020203C78736C3A7768656E20746573743D22287265736F757263652D636F6E74656E742D747970653D27696D6167652F6A70656727206F72207265736F757263652D636F6E74656E742D747970653D27696D6167652F6A706727206F7220207265736F757263652D636F6E74656E742D747970653D27696D6167652F706A70656727206F72207265736F757263652D636F6E74656E742D747970653D27696D6167652F67696627206F72207265736F757263652D636F6E74656E742D747970653D27696D6167652F706E67272922203E0D0A202020202020202020202020202020203C696D67207372633D22646F63756D656E743F69643D7B7265736F757263652D646F63756D656E742D69647D26616D703B69645F6174747269627574653D7B7265736F757263652D6174747269627574652D69647D2220616C69676E3D22726967687422202F3E0D0A2020202020202020202020203C2F78736C3A7768656E3E0D0A2020202020202020202020203C78736C3A6F74686572776973653E0D0A202020202020202020202020202020203C6120687265663D22646F63756D656E743F69643D7B7265736F757263652D646F63756D656E742D69647D26616D703B69645F6174747269627574653D7B7265736F757263652D6174747269627574652D69647D223E200D0A20202020202020202020202020202020202020203C696D67207372633D22696D616765732F6C6F63616C2F736B696E2F706C7567696E732F646F63756D656E742F66696C6574797065732F66696C652E706E672220626F726465723D223022202F3E0D0A202020202020202020202020202020203C2F613E0D0A2020202020202020202020203C2F78736C3A6F74686572776973653E20202020202020200D0A20202020202020203C2F78736C3A63686F6F73653E0D0A202020203C2F78736C3A74656D706C6174653E0D0A3C2F78736C3A7374796C6573686565743E, 'none'),
	('image', 'Image', 'Image', 43, '', NULL, _binary 0x3C3F786D6C2076657273696F6E3D22312E30223F3E0D0A0D0A3C78736C3A7374796C6573686565742076657273696F6E3D22312E302220786D6C6E733A78736C3D22687474703A2F2F7777772E77332E6F72672F313939392F58534C2F5472616E73666F726D223E0D0A0D0A093C78736C3A706172616D206E616D653D227075626C69636174696F6E2D64617465222073656C6563743D227075626C69636174696F6E2D6461746522202F3E0D0A093C212D2D0D0A09486F7720746F20646973706C617920746865207075626C69636174696F6E2064617465203A0D0A093C78736C3A76616C75652D6F662073656C6563743D22247075626C69636174696F6E2D6461746522202F3E0D0A092D2D3E0D0A0D0A202020203C78736C3A6F7574707574206D6574686F643D2268746D6C2220696E64656E743D22796573222F3E0D0A0D0A20202020203C78736C3A74656D706C617465206D617463683D22696D616765223E0D0A093C703E0D0A09202020203C7374726F6E673E203C78736C3A76616C75652D6F662073656C6563743D22646F63756D656E742D7469746C6522202F3E3C2F7374726F6E673E0D0A093C2F703E0D0A0D0A2020202020202020202020203C78736C3A63686F6F73653E0D0A202020202020202020202020202020203C78736C3A7768656E20746573743D22696D6167652D66696C652F66696C652D7265736F75726365213D2727223E0D0A20202020202020202020202020202020202020202020202020202020203C696D67207372633D22646F63756D656E743F69643D7B696D6167652D66696C652F66696C652D7265736F757263652F7265736F757263652D646F63756D656E742D69647D26616D703B69645F6174747269627574653D7B696D6167652D66696C652F66696C652D7265736F757263652F7265736F757263652D6174747269627574652D69647D2220202F3E0D0A202020202020202020202020202020203C2F78736C3A7768656E3E0D0A202020202020202020202020202020203C78736C3A6F74686572776973653E2020202020202020202020202020200D0A2020202020202020202020202020203C2F78736C3A6F74686572776973653E20202020202020200D0A2020202020202020202020203C2F78736C3A63686F6F73653E0D0A093C703E0D0A202020202020093C78736C3A76616C75652D6F662073656C6563743D22646F63756D656E742D73756D6D61727922202F3E0D0A093C2F703E0D0A0920203C703E0D0A20202020202020202020202020203C78736C3A76616C75652D6F662064697361626C652D6F75747075742D6573636170696E673D22796573222073656C6563743D22696D6167652D6372656469747322202F3E200D0A093C2F703E090D0A20202020202020203C6272202F3E0D0A20202020202020203C6272202F3E0D0A20202020202020203C6272202F3E0D0A20202020202020203C6272202F3E0D0A0D0A20202020203C2F78736C3A74656D706C6174653E0D0A0D0A200D0A2020203C78736C3A74656D706C617465206D617463683D2266696C652D7265736F75726365223E0D0A20202020202020203C78736C3A63686F6F73653E0D0A2020202020202020202020203C78736C3A7768656E20746573743D22287265736F757263652D636F6E74656E742D747970653D27696D6167652F6A70656727206F72207265736F757263652D636F6E74656E742D747970653D27696D6167652F6A706727206F72207265736F757263652D636F6E74656E742D747970653D27696D6167652F706A70656727206F72207265736F757263652D636F6E74656E742D747970653D27696D6167652F67696627206F72207265736F757263652D636F6E74656E742D747970653D27696D6167652F706E67272922203E0D0A202020202020202020202020202020203C696D67207372633D22646F63756D656E743F69643D7B7265736F757263652D646F63756D656E742D69647D26616D703B69645F6174747269627574653D7B7265736F757263652D6174747269627574652D69647D2220616C69676E3D22726967687422202F3E0D0A2020202020202020202020203C2F78736C3A7768656E3E0D0A2020202020202020202020203C78736C3A6F74686572776973653E0D0A202020202020202020202020202020203C6120687265663D22646F63756D656E743F69643D7B7265736F757263652D646F63756D656E742D69647D26616D703B69645F6174747269627574653D7B7265736F757263652D6174747269627574652D69647D223E200D0A20202020202020202020202020202020202020203C696D67207372633D22696D616765732F61646D696E2F736B696E2F706C7567696E732F646F63756D656E742F66696C6574797065732F66696C652E706E672220626F726465723D223022202F3E0D0A202020202020202020202020202020203C2F613E0D0A2020202020202020202020203C2F78736C3A6F74686572776973653E20202020202020200D0A20202020202020203C2F78736C3A63686F6F73653E0D0A202020203C2F78736C3A74656D706C6174653E0D0A3C2F78736C3A7374796C6573686565743E, 'dublincore'),
	('info', 'Rubrique', 'Rubrique de texte', 0, '', NULL, NULL, 'dublincore'),
	('project', 'Projet', 'Projets', 0, '', NULL, NULL, 'none');
/*!40000 ALTER TABLE `document_type` ENABLE KEYS */;


-- Export de la structure de table cb_budgetp. document_type_attr
DROP TABLE IF EXISTS document_type_attr;
CREATE TABLE IF NOT EXISTS `document_type_attr` (
  `id_document_attr` int(11) NOT NULL DEFAULT '0',
  `code_document_type` varchar(30) COLLATE utf8_unicode_ci DEFAULT NULL,
  `code_attr_type` varchar(50) COLLATE utf8_unicode_ci DEFAULT NULL,
  `code` varchar(50) COLLATE utf8_unicode_ci DEFAULT NULL,
  `document_type_attr_name` varchar(100) COLLATE utf8_unicode_ci DEFAULT NULL,
  `description` varchar(255) COLLATE utf8_unicode_ci DEFAULT NULL,
  `attr_order` int(11) DEFAULT NULL,
  `required` int(11) DEFAULT NULL,
  `searchable` int(11) DEFAULT NULL,
  PRIMARY KEY (`id_document_attr`)
) ENGINE=MyISAM DEFAULT CHARSET=utf8 COLLATE=utf8_unicode_ci;

-- Export de données de la table cb_budgetp.document_type_attr: 15 rows
/*!40000 ALTER TABLE `document_type_attr` DISABLE KEYS */;
INSERT INTO `document_type_attr` (`id_document_attr`, `code_document_type`, `code_attr_type`, `code`, `document_type_attr_name`, `description`, `attr_order`, `required`, `searchable`) VALUES
	(53, 'project', 'date', 'date', 'Date de réalistation estimée', 'Date de réalistation estimée', 7, 0, 1),
	(51, 'project', 'internallink', 'carousel', 'Caroussel', 'Caroussel', 3, 0, 0),
	(52, 'project', 'text', 'cost', 'Cout du projet', 'Cout du projet', 5, 0, 1),
	(50, 'project', 'image', 'image', 'Image', 'Image associée', 2, 0, 0),
	(43, 'image', 'image', 'file', 'Fichier', 'Fichier image', 2, 1, 0),
	(44, 'image', 'text', 'credits', 'Credits', 'Credits', 3, 1, 0),
	(49, 'project', 'richtext', 'keydatas', 'Chiffres clés', 'Chiffres clés', 4, 0, 1),
	(48, 'project', 'richtext', 'content', 'Contenu', 'Contenu', 1, 1, 1),
	(45, 'info', 'richtext', 'content', 'Contenu', 'Contenu Html', 1, 1, 1),
	(46, 'actualite', 'richtext', 'content', 'Contenu', 'Contenu', 1, 1, 1),
	(47, 'actualite', 'image', 'image', 'Illustration', 'Illustration de l\'actualité', 2, 0, 0),
	(57, 'actualite', 'text', 'video', 'Vidéo', 'Vidéo', 3, 0, 0),
	(56, 'project', 'numerictext', 'cost_value', 'Cout du projet (entier)', 'Cout du projet (entier)', 6, 0, 0),
	(55, 'project', 'text', 'vote_offline', 'Vote offline', 'Vote offline', 9, 0, 0),
	(54, 'project', 'text', 'localisation', 'Localisation', 'Localisation', 8, 0, 0);
/*!40000 ALTER TABLE `document_type_attr` ENABLE KEYS */;


-- Export de la structure de table cb_budgetp. document_type_attr_parameters
DROP TABLE IF EXISTS document_type_attr_parameters;
CREATE TABLE IF NOT EXISTS `document_type_attr_parameters` (
  `id_document_attr` int(11) NOT NULL DEFAULT '0',
  `parameter_name` varchar(255) COLLATE utf8_unicode_ci NOT NULL DEFAULT '',
  `id_list_parameter` int(11) NOT NULL DEFAULT '0',
  `parameter_value` mediumtext COLLATE utf8_unicode_ci,
  PRIMARY KEY (`id_document_attr`,`parameter_name`,`id_list_parameter`)
) ENGINE=MyISAM DEFAULT CHARSET=utf8 COLLATE=utf8_unicode_ci;

-- Export de données de la table cb_budgetp.document_type_attr_parameters: 15 rows
/*!40000 ALTER TABLE `document_type_attr_parameters` DISABLE KEYS */;
INSERT INTO `document_type_attr_parameters` (`id_document_attr`, `parameter_name`, `id_list_parameter`, `parameter_value`) VALUES
	(57, 'maxlength', 0, '255'),
	(57, 'size', 0, '50'),
	(44, 'size', 1, '60'),
	(44, 'maxlength', 1, '100'),
	(56, 'maxlength', 0, '5'),
	(47, 'extension', 0, 'jpg,jpeg,png'),
	(50, 'extension', 0, 'jpg,jpeg,png'),
	(52, 'size', 0, '50'),
	(52, 'maxlength', 0, '255'),
	(53, 'defaultvalue', 0, ''),
	(54, 'size', 0, '50'),
	(54, 'maxlength', 0, '255'),
	(55, 'size', 0, '50'),
	(55, 'maxlength', 0, '255'),
	(56, 'size', 0, '5');
/*!40000 ALTER TABLE `document_type_attr_parameters` ENABLE KEYS */;


-- Export de la structure de table cb_budgetp. document_type_attr_verify_by
DROP TABLE IF EXISTS document_type_attr_verify_by;
CREATE TABLE IF NOT EXISTS `document_type_attr_verify_by` (
  `id_document_attr` int(11) NOT NULL DEFAULT '0',
  `id_expression` int(11) NOT NULL DEFAULT '0',
  PRIMARY KEY (`id_document_attr`,`id_expression`)
) ENGINE=MyISAM DEFAULT CHARSET=utf8 COLLATE=utf8_unicode_ci;

